,lenght,datatime,date,time,x1,x2,x3,y1,y2,y3,y4,y5,y6,y7,y8,y9,y10,y11,y12,y13,y14,y15,y16,y17,y18,y19,y20,x4,temperature,pressure,humidity,dt1,tr1,al1,vl1,nch1,dt2,tr2,al2,vl2,nch2,dt3,tr3,al3,vl3,nch3,dt4,tr4,al4,vl4,nch4,dt5,tr5,al5,vl5,nch5,dt6,tr6,al6,vl6,nch6,dt7,tr7,al7,vl7,nch7,dt8,tr8,al8,vl8,nch8,dt9,tr9,al9,vl9,nch9,dt10,tr10,al10,vl10,nch10,dt11,tr11,al11,vl11,nch11,dt12,tr12,al12,vl12,nch12,dt13,tr13,al13,vl13,nch13,dt14,tr14,al14,vl14,nch14,dt15,tr15,al15,vl15,nch15,m1,m2,m3,m4,m5,TotalConc,z1,z2,z3,z4,z5,z6,z7,z8,z9,z10,z11,z12,z13,z14,z15,end
0,658,1632776436,2021-09-28,00:00:36,0,0,68392,1.0622252033697462e+158,0.0,2.1219957915e-314,1.0,1.0,1.0,1.0,1.0,1.0,1.0,1.0,1.0,1.0,1.0,1.0,1.0,1.0,1.0,1.0,1.0,1.0,31.319,100.259,0.0,0.0,9436,1,1,1623129640,0.0,10094,1,1,1623129940,0.0,10752,1,1,1623130240,0.0,11410,1,1,1623130540,0.0,12068,1,1,1623130840,0.0,12726,1,1,1623131140,0.0,13384,1,1,1623131440,0.0,14042,1,1,1623131740,0.0,14700,1,1,1623132040,0.0,15358,1,1,1623132340,0.0,16016,1,1,1623132640,0.0,16674,1,1,1623132940,0.0,17332,1,1,1623133240,2.624839,0,0,0,1623133540,0.0,18648,1,1,1623133840,16,0,16,0,0,9.55780029296875,33316.0,11189.0,3530.0,1170.0,921.0,719.0,788.0,683.0,491.0,514.0,432.0,346.0,552.0,127.0,13.0,0
1,658,1632777637,2021-09-28,00:20:37,0,0,68392,1.0622252033697462e+158,0.0,2.1219957915e-314,1.0,1.0,1.0,1.0,1.0,1.0,1.0,1.0,1.0,1.0,1.0,1.0,1.0,1.0,1.0,1.0,1.0,1.0,31.349,100.29,0.0,0.0,9436,1,1,1623129640,0.0,10094,1,1,1623129940,0.0,10752,1,1,1623130240,0.0,11410,1,1,1623130540,0.0,12068,1,1,1623130840,0.0,12726,1,1,1623131140,0.0,13384,1,1,1623131440,0.0,14042,1,1,1623131740,0.0,14700,1,1,1623132040,0.0,15358,1,1,1623132340,0.0,16016,1,1,1623132640,0.0,16674,1,1,1623132940,0.0,17332,1,1,1623133240,2.934016,0,0,0,1623133540,0.0,18648,1,1,1623133840,16,0,16,0,0,9.735660552978516,37432.0,12852.0,4020.0,1362.0,1014.0,779.0,904.0,759.0,497.0,687.0,504.0,390.0,631.0,146.0,21.0,0
2,658,1632778837,2021-09-28,00:40:37,0,0,68392,1.0622252033697462e+158,0.0,2.1219957915e-314,1.0,1.0,1.0,1.0,1.0,1.0,1.0,1.0,1.0,1.0,1.0,1.0,1.0,1.0,1.0,1.0,1.0,1.0,31.319,100.29,0.0,0.0,9436,1,1,1623129640,0.0,10094,1,1,1623129940,0.0,10752,1,1,1623130240,0.0,11410,1,1,1623130540,0.0,12068,1,1,1623130840,0.0,12726,1,1,1623131140,0.0,13384,1,1,1623131440,0.0,14042,1,1,1623131740,0.0,14700,1,1,1623132040,0.0,15358,1,1,1623132340,0.0,16016,1,1,1623132640,0.0,16674,1,1,1623132940,0.0,17332,1,1,1623133240,2.977107,0,0,0,1623133540,0.0,18648,1,1,1623133840,16,0,16,0,0,9.756061553955078,38165.0,13013.0,3961.0,1280.0,1111.0,787.0,822.0,747.0,521.0,659.0,540.0,457.0,641.0,150.0,27.0,0
3,658,1632780037,2021-09-28,01:00:37,0,0,68392,1.0622252033697462e+158,0.0,2.1219957915e-314,1.0,1.0,1.0,1.0,1.0,1.0,1.0,1.0,1.0,1.0,1.0,1.0,1.0,1.0,1.0,1.0,1.0,1.0,31.319,100.29,0.0,0.0,9436,1,1,1623129640,0.0,10094,1,1,1623129940,0.0,10752,1,1,1623130240,0.0,11410,1,1,1623130540,0.0,12068,1,1,1623130840,0.0,12726,1,1,1623131140,0.0,13384,1,1,1623131440,0.0,14042,1,1,1623131740,0.0,14700,1,1,1623132040,0.0,15358,1,1,1623132340,0.0,16016,1,1,1623132640,0.0,16674,1,1,1623132940,0.0,17332,1,1,1623133240,2.797012,0,0,0,1623133540,0.0,18648,1,1,1623133840,16,0,16,0,0,9.64471435546875,36221.0,12339.0,3775.0,1212.0,956.0,739.0,775.0,743.0,498.0,643.0,527.0,399.0,683.0,126.0,16.0,0
4,658,1632781237,2021-09-28,01:20:37,0,0,68392,1.0622252033697462e+158,0.0,2.1219957915e-314,1.0,1.0,1.0,1.0,1.0,1.0,1.0,1.0,1.0,1.0,1.0,1.0,1.0,1.0,1.0,1.0,1.0,1.0,31.319,100.322,0.0,0.0,9436,1,1,1623129640,0.0,10094,1,1,1623129940,0.0,10752,1,1,1623130240,0.0,11410,1,1,1623130540,0.0,12068,1,1,1623130840,0.0,12726,1,1,1623131140,0.0,13384,1,1,1623131440,0.0,14042,1,1,1623131740,0.0,14700,1,1,1623132040,0.0,15358,1,1,1623132340,0.0,16016,1,1,1623132640,0.0,16674,1,1,1623132940,0.0,17332,1,1,1623133240,2.698148,0,0,0,1623133540,0.0,18648,1,1,1623133840,16,0,16,0,0,9.585075378417969,34543.0,11818.0,3617.0,1196.0,982.0,715.0,826.0,728.0,568.0,677.0,515.0,426.0,685.0,144.0,19.0,0
5,658,1632782437,2021-09-28,01:40:37,0,0,68392,1.0622252033697462e+158,0.0,2.1219957915e-314,1.0,1.0,1.0,1.0,1.0,1.0,1.0,1.0,1.0,1.0,1.0,1.0,1.0,1.0,1.0,1.0,1.0,1.0,31.319,100.353,0.0,0.0,9436,1,1,1623129640,0.0,10094,1,1,1623129940,0.0,10752,1,1,1623130240,0.0,11410,1,1,1623130540,0.0,12068,1,1,1623130840,0.0,12726,1,1,1623131140,0.0,13384,1,1,1623131440,0.0,14042,1,1,1623131740,0.0,14700,1,1,1623132040,0.0,15358,1,1,1623132340,0.0,16016,1,1,1623132640,0.0,16674,1,1,1623132940,0.0,17332,1,1,1623133240,2.57933,0,0,0,1623133540,0.0,18648,1,1,1623133840,16,0,16,0,0,9.51668930053711,33122.0,11214.0,3385.0,1119.0,887.0,674.0,735.0,732.0,571.0,591.0,534.0,401.0,709.0,136.0,26.0,0
6,658,1632783637,2021-09-28,02:00:37,0,0,68392,1.0622252033697462e+158,0.0,2.1219957915e-314,1.0,1.0,1.0,1.0,1.0,1.0,1.0,1.0,1.0,1.0,1.0,1.0,1.0,1.0,1.0,1.0,1.0,1.0,31.319,100.322,0.0,0.0,9436,1,1,1623129640,0.0,10094,1,1,1623129940,0.0,10752,1,1,1623130240,0.0,11410,1,1,1623130540,0.0,12068,1,1,1623130840,0.0,12726,1,1,1623131140,0.0,13384,1,1,1623131440,0.0,14042,1,1,1623131740,0.0,14700,1,1,1623132040,0.0,15358,1,1,1623132340,0.0,16016,1,1,1623132640,0.0,16674,1,1,1623132940,0.0,17332,1,1,1623133240,2.495895,0,0,0,1623133540,0.0,18648,1,1,1623133840,16,0,16,0,0,9.469650268554688,32025.0,10953.0,3407.0,1056.0,877.0,651.0,784.0,675.0,534.0,571.0,512.0,393.0,711.0,142.0,27.0,0
7,658,1632784837,2021-09-28,02:20:37,0,0,68392,1.0622252033697462e+158,0.0,2.1219957915e-314,1.0,1.0,1.0,1.0,1.0,1.0,1.0,1.0,1.0,1.0,1.0,1.0,1.0,1.0,1.0,1.0,1.0,1.0,31.319,100.353,0.0,0.0,9436,1,1,1623129640,0.0,10094,1,1,1623129940,0.0,10752,1,1,1623130240,0.0,11410,1,1,1623130540,0.0,12068,1,1,1623130840,0.0,12726,1,1,1623131140,0.0,13384,1,1,1623131440,0.0,14042,1,1,1623131740,0.0,14700,1,1,1623132040,0.0,15358,1,1,1623132340,0.0,16016,1,1,1623132640,0.0,16674,1,1,1623132940,0.0,17332,1,1,1623133240,2.27569,0,0,0,1623133540,0.0,18648,1,1,1623133840,16,0,16,0,0,9.334754943847656,29639.0,10238.0,3082.0,996.0,833.0,618.0,715.0,615.0,467.0,563.0,451.0,361.0,549.0,150.0,14.0,0
8,658,1632786038,2021-09-28,02:40:38,0,0,68392,1.0622252033697462e+158,0.0,2.1219957915e-314,1.0,1.0,1.0,1.0,1.0,1.0,1.0,1.0,1.0,1.0,1.0,1.0,1.0,1.0,1.0,1.0,1.0,1.0,31.349,100.353,0.0,0.0,9436,1,1,1623129640,0.0,10094,1,1,1623129940,0.0,10752,1,1,1623130240,0.0,11410,1,1,1623130540,0.0,12068,1,1,1623130840,0.0,12726,1,1,1623131140,0.0,13384,1,1,1623131440,0.0,14042,1,1,1623131740,0.0,14700,1,1,1623132040,0.0,15358,1,1,1623132340,0.0,16016,1,1,1623132640,0.0,16674,1,1,1623132940,0.0,17332,1,1,1623133240,2.03687,0,0,0,1623133540,0.0,18648,1,1,1623133840,16,0,16,0,0,9.197437286376953,26452.0,9197.0,2867.0,903.0,728.0,506.0,561.0,544.0,391.0,477.0,461.0,316.0,565.0,112.0,16.0,0
9,658,1632787238,2021-09-28,03:00:38,0,0,68392,1.0622252033697462e+158,0.0,2.1219957915e-314,1.0,1.0,1.0,1.0,1.0,1.0,1.0,1.0,1.0,1.0,1.0,1.0,1.0,1.0,1.0,1.0,1.0,1.0,31.38,100.353,0.0,0.0,9436,1,1,1623129640,0.0,10094,1,1,1623129940,0.0,10752,1,1,1623130240,0.0,11410,1,1,1623130540,0.0,12068,1,1,1623130840,0.0,12726,1,1,1623131140,0.0,13384,1,1,1623131440,0.0,14042,1,1,1623131740,0.0,14700,1,1,1623132040,0.0,15358,1,1,1623132340,0.0,16016,1,1,1623132640,0.0,16674,1,1,1623132940,0.0,17332,1,1,1623133240,1.773781,0,0,0,1623133540,0.0,18648,1,1,1623133840,16,0,16,0,0,9.042133331298828,23057.0,8423.0,2573.0,804.0,646.0,435.0,482.0,383.0,297.0,372.0,325.0,270.0,449.0,99.0,10.0,0
10,658,1632788437,2021-09-28,03:20:37,0,0,68392,1.0622252033697462e+158,0.0,2.1219957915e-314,1.0,1.0,1.0,1.0,1.0,1.0,1.0,1.0,1.0,1.0,1.0,1.0,1.0,1.0,1.0,1.0,1.0,1.0,31.38,100.384,0.0,0.0,9436,1,1,1623129640,0.0,10094,1,1,1623129940,0.0,10752,1,1,1623130240,0.0,11410,1,1,1623130540,0.0,12068,1,1,1623130840,0.0,12726,1,1,1623131140,0.0,13384,1,1,1623131440,0.0,14042,1,1,1623131740,0.0,14700,1,1,1623132040,0.0,15358,1,1,1623132340,0.0,16016,1,1,1623132640,0.0,16674,1,1,1623132940,0.0,17332,1,1,1623133240,1.465499,0,0,0,1623133540,0.0,18648,1,1,1623133840,16,0,16,0,0,8.733787536621094,18818.0,6889.0,2003.0,601.0,433.0,340.0,372.0,325.0,220.0,280.0,238.0,190.0,342.0,68.0,11.0,0
11,658,1632789637,2021-09-28,03:40:37,0,0,68392,1.0622252033697462e+158,0.0,2.1219957915e-314,1.0,1.0,1.0,1.0,1.0,1.0,1.0,1.0,1.0,1.0,1.0,1.0,1.0,1.0,1.0,1.0,1.0,1.0,31.38,100.415,0.0,0.0,9436,1,1,1623129640,0.0,10094,1,1,1623129940,0.0,10752,1,1,1623130240,0.0,11410,1,1,1623130540,0.0,12068,1,1,1623130840,0.0,12726,1,1,1623131140,0.0,13384,1,1,1623131440,0.0,14042,1,1,1623131740,0.0,14700,1,1,1623132040,0.0,15358,1,1,1623132340,0.0,16016,1,1,1623132640,0.0,16674,1,1,1623132940,0.0,17332,1,1,1623133240,1.327425,0,0,0,1623133540,0.0,18648,1,1,1623133840,16,0,16,0,0,8.579498291015625,16642.0,6022.0,1805.0,494.0,384.0,297.0,326.0,284.0,180.0,287.0,241.0,202.0,343.0,71.0,8.0,0
12,658,1632790838,2021-09-28,04:00:38,0,0,68392,1.0622252033697462e+158,0.0,2.1219957915e-314,1.0,1.0,1.0,1.0,1.0,1.0,1.0,1.0,1.0,1.0,1.0,1.0,1.0,1.0,1.0,1.0,1.0,1.0,31.38,100.415,0.0,0.0,9436,1,1,1623129640,0.0,10094,1,1,1623129940,0.0,10752,1,1,1623130240,0.0,11410,1,1,1623130540,0.0,12068,1,1,1623130840,0.0,12726,1,1,1623131140,0.0,13384,1,1,1623131440,0.0,14042,1,1,1623131740,0.0,14700,1,1,1623132040,0.0,15358,1,1,1623132340,0.0,16016,1,1,1623132640,0.0,16674,1,1,1623132940,0.0,17332,1,1,1623133240,1.258031,0,0,0,1623133540,0.0,18648,1,1,1623133840,16,0,16,0,0,8.5125732421875,15177.0,5454.0,1584.0,445.0,336.0,263.0,242.0,213.0,167.0,225.0,230.0,215.0,364.0,93.0,14.0,0
13,658,1632792038,2021-09-28,04:20:38,0,0,68392,1.0622252033697462e+158,0.0,2.1219957915e-314,1.0,1.0,1.0,1.0,1.0,1.0,1.0,1.0,1.0,1.0,1.0,1.0,1.0,1.0,1.0,1.0,1.0,1.0,31.38,100.478,0.0,0.0,9436,1,1,1623129640,0.0,10094,1,1,1623129940,0.0,10752,1,1,1623130240,0.0,11410,1,1,1623130540,0.0,12068,1,1,1623130840,0.0,12726,1,1,1623131140,0.0,13384,1,1,1623131440,0.0,14042,1,1,1623131740,0.0,14700,1,1,1623132040,0.0,15358,1,1,1623132340,0.0,16016,1,1,1623132640,0.0,16674,1,1,1623132940,0.0,17332,1,1,1623133240,1.202075,0,0,0,1623133540,0.0,18648,1,1,1623133840,16,0,16,0,0,8.454429626464844,14183.0,4877.0,1481.0,445.0,317.0,249.0,230.0,207.0,162.0,215.0,229.0,196.0,336.0,84.0,16.0,0
14,658,1632793237,2021-09-28,04:40:37,0,0,68392,1.0622252033697462e+158,0.0,2.1219957915e-314,1.0,1.0,1.0,1.0,1.0,1.0,1.0,1.0,1.0,1.0,1.0,1.0,1.0,1.0,1.0,1.0,1.0,1.0,31.349,100.478,0.0,0.0,9436,1,1,1623129640,0.0,10094,1,1,1623129940,0.0,10752,1,1,1623130240,0.0,11410,1,1,1623130540,0.0,12068,1,1,1623130840,0.0,12726,1,1,1623131140,0.0,13384,1,1,1623131440,0.0,14042,1,1,1623131740,0.0,14700,1,1,1623132040,0.0,15358,1,1,1623132340,0.0,16016,1,1,1623132640,0.0,16674,1,1,1623132940,0.0,17332,1,1,1623133240,1.243598,0,0,0,1623133540,0.0,18648,1,1,1623133840,16,0,16,0,0,8.508148193359375,14262.0,5030.0,1494.0,431.0,320.0,274.0,236.0,227.0,184.0,238.0,212.0,232.0,419.0,91.0,9.0,0
15,658,1632794438,2021-09-28,05:00:38,0,0,68392,1.0622252033697462e+158,0.0,2.1219957915e-314,1.0,1.0,1.0,1.0,1.0,1.0,1.0,1.0,1.0,1.0,1.0,1.0,1.0,1.0,1.0,1.0,1.0,1.0,31.349,100.478,0.0,0.0,9436,1,1,1623129640,0.0,10094,1,1,1623129940,0.0,10752,1,1,1623130240,0.0,11410,1,1,1623130540,0.0,12068,1,1,1623130840,0.0,12726,1,1,1623131140,0.0,13384,1,1,1623131440,0.0,14042,1,1,1623131740,0.0,14700,1,1,1623132040,0.0,15358,1,1,1623132340,0.0,16016,1,1,1623132640,0.0,16674,1,1,1623132940,0.0,17332,1,1,1623133240,1.240717,0,0,0,1623133540,0.0,18648,1,1,1623133840,16,0,16,0,0,8.506340026855469,14273.0,4981.0,1507.0,484.0,347.0,260.0,266.0,204.0,202.0,257.0,260.0,233.0,441.0,90.0,20.0,0
16,658,1632795638,2021-09-28,05:20:38,0,0,68392,1.0622252033697462e+158,0.0,2.1219957915e-314,1.0,1.0,1.0,1.0,1.0,1.0,1.0,1.0,1.0,1.0,1.0,1.0,1.0,1.0,1.0,1.0,1.0,1.0,31.349,100.509,0.0,0.0,9436,1,1,1623129640,0.0,10094,1,1,1623129940,0.0,10752,1,1,1623130240,0.0,11410,1,1,1623130540,0.0,12068,1,1,1623130840,0.0,12726,1,1,1623131140,0.0,13384,1,1,1623131440,0.0,14042,1,1,1623131740,0.0,14700,1,1,1623132040,0.0,15358,1,1,1623132340,0.0,16016,1,1,1623132640,0.0,16674,1,1,1623132940,0.0,17332,1,1,1623133240,1.342629,0,0,0,1623133540,0.0,18648,1,1,1623133840,16,0,16,0,0,8.606742858886719,16390.0,6214.0,1795.0,488.0,386.0,282.0,274.0,265.0,171.0,228.0,254.0,212.0,457.0,112.0,18.0,0
17,658,1632796838,2021-09-28,05:40:38,0,0,68392,1.0622252033697462e+158,0.0,2.1219957915e-314,1.0,1.0,1.0,1.0,1.0,1.0,1.0,1.0,1.0,1.0,1.0,1.0,1.0,1.0,1.0,1.0,1.0,1.0,31.319,100.54,0.0,0.0,9436,1,1,1623129640,0.0,10094,1,1,1623129940,0.0,10752,1,1,1623130240,0.0,11410,1,1,1623130540,0.0,12068,1,1,1623130840,0.0,12726,1,1,1623131140,0.0,13384,1,1,1623131440,0.0,14042,1,1,1623131740,0.0,14700,1,1,1623132040,0.0,15358,1,1,1623132340,0.0,16016,1,1,1623132640,0.0,16674,1,1,1623132940,0.0,17332,1,1,1623133240,1.35579,0,0,0,1623133540,0.0,18648,1,1,1623133840,16,0,16,0,0,8.593170166015625,17403.0,6952.0,1962.0,594.0,403.0,293.0,262.0,265.0,237.0,247.0,276.0,247.0,498.0,106.0,12.0,0
18,658,1632798038,2021-09-28,06:00:38,0,0,68392,1.0622252033697462e+158,0.0,2.1219957915e-314,1.0,1.0,1.0,1.0,1.0,1.0,1.0,1.0,1.0,1.0,1.0,1.0,1.0,1.0,1.0,1.0,1.0,1.0,31.349,100.54,0.0,0.0,9436,1,1,1623129640,0.0,10094,1,1,1623129940,0.0,10752,1,1,1623130240,0.0,11410,1,1,1623130540,0.0,12068,1,1,1623130840,0.0,12726,1,1,1623131140,0.0,13384,1,1,1623131440,0.0,14042,1,1,1623131740,0.0,14700,1,1,1623132040,0.0,15358,1,1,1623132340,0.0,16016,1,1,1623132640,0.0,16674,1,1,1623132940,0.0,17332,1,1,1623133240,1.300389,0,0,0,1623133540,0.0,18648,1,1,1623133840,16,0,16,0,0,8.552841186523438,15639.0,5992.0,1726.0,494.0,362.0,292.0,276.0,278.0,199.0,287.0,249.0,231.0,527.0,126.0,23.0,0
19,658,1632799238,2021-09-28,06:20:38,0,0,68392,1.0622252033697462e+158,0.0,2.1219957915e-314,1.0,1.0,1.0,1.0,1.0,1.0,1.0,1.0,1.0,1.0,1.0,1.0,1.0,1.0,1.0,1.0,1.0,1.0,31.319,100.571,0.0,0.0,9436,1,1,1623129640,0.0,10094,1,1,1623129940,0.0,10752,1,1,1623130240,0.0,11410,1,1,1623130540,0.0,12068,1,1,1623130840,0.0,12726,1,1,1623131140,0.0,13384,1,1,1623131440,0.0,14042,1,1,1623131740,0.0,14700,1,1,1623132040,0.0,15358,1,1,1623132340,0.0,16016,1,1,1623132640,0.0,16674,1,1,1623132940,0.0,17332,1,1,1623133240,1.155902,0,0,0,1623133540,0.0,18648,1,1,1623133840,16,0,16,0,0,8.41400146484375,12596.0,4453.0,1395.0,411.0,330.0,232.0,269.0,223.0,170.0,269.0,240.0,244.0,453.0,101.0,13.0,0
20,658,1632800439,2021-09-28,06:40:39,0,0,68392,1.0622252033697462e+158,0.0,2.1219957915e-314,1.0,1.0,1.0,1.0,1.0,1.0,1.0,1.0,1.0,1.0,1.0,1.0,1.0,1.0,1.0,1.0,1.0,1.0,31.349,100.571,0.0,0.0,9436,1,1,1623129640,0.0,10094,1,1,1623129940,0.0,10752,1,1,1623130240,0.0,11410,1,1,1623130540,0.0,12068,1,1,1623130840,0.0,12726,1,1,1623131140,0.0,13384,1,1,1623131440,0.0,14042,1,1,1623131740,0.0,14700,1,1,1623132040,0.0,15358,1,1,1623132340,0.0,16016,1,1,1623132640,0.0,16674,1,1,1623132940,0.0,17332,1,1,1623133240,1.153207,0,0,0,1623133540,0.0,18648,1,1,1623133840,16,0,16,0,0,8.425308227539062,11801.0,4090.0,1301.0,441.0,334.0,249.0,272.0,240.0,178.0,248.0,243.0,208.0,462.0,108.0,23.0,0
21,658,1632801638,2021-09-28,07:00:38,0,0,68392,1.0622252033697462e+158,0.0,2.1219957915e-314,1.0,1.0,1.0,1.0,1.0,1.0,1.0,1.0,1.0,1.0,1.0,1.0,1.0,1.0,1.0,1.0,1.0,1.0,31.349,100.571,0.0,0.0,9436,1,1,1623129640,0.0,10094,1,1,1623129940,0.0,10752,1,1,1623130240,0.0,11410,1,1,1623130540,0.0,12068,1,1,1623130840,0.0,12726,1,1,1623131140,0.0,13384,1,1,1623131440,0.0,14042,1,1,1623131740,0.0,14700,1,1,1623132040,0.0,15358,1,1,1623132340,0.0,16016,1,1,1623132640,0.0,16674,1,1,1623132940,0.0,17332,1,1,1623133240,1.036931,0,0,0,1623133540,0.0,18648,1,1,1623133840,16,0,16,0,0,8.280311584472656,10571.0,3850.0,1190.0,397.0,334.0,232.0,236.0,229.0,201.0,249.0,244.0,239.0,440.0,121.0,10.0,0
22,658,1632802838,2021-09-28,07:20:38,0,0,68392,1.0622252033697462e+158,0.0,2.1219957915e-314,1.0,1.0,1.0,1.0,1.0,1.0,1.0,1.0,1.0,1.0,1.0,1.0,1.0,1.0,1.0,1.0,1.0,1.0,31.38,100.634,0.0,0.0,9436,1,1,1623129640,0.0,10094,1,1,1623129940,0.0,10752,1,1,1623130240,0.0,11410,1,1,1623130540,0.0,12068,1,1,1623130840,0.0,12726,1,1,1623131140,0.0,13384,1,1,1623131440,0.0,14042,1,1,1623131740,0.0,14700,1,1,1623132040,0.0,15358,1,1,1623132340,0.0,16016,1,1,1623132640,0.0,16674,1,1,1623132940,0.0,17332,1,1,1623133240,1.202312,0,0,0,1623133540,0.0,18648,1,1,1623133840,16,0,16,0,0,8.491096496582031,11979.0,4409.0,1453.0,493.0,413.0,285.0,272.0,286.0,207.0,305.0,259.0,244.0,456.0,123.0,21.0,0
23,658,1632804038,2021-09-28,07:40:38,0,0,68392,1.0622252033697462e+158,0.0,2.1219957915e-314,1.0,1.0,1.0,1.0,1.0,1.0,1.0,1.0,1.0,1.0,1.0,1.0,1.0,1.0,1.0,1.0,1.0,1.0,31.38,100.634,0.0,0.0,9436,1,1,1623129640,0.0,10094,1,1,1623129940,0.0,10752,1,1,1623130240,0.0,11410,1,1,1623130540,0.0,12068,1,1,1623130840,0.0,12726,1,1,1623131140,0.0,13384,1,1,1623131440,0.0,14042,1,1,1623131740,0.0,14700,1,1,1623132040,0.0,15358,1,1,1623132340,0.0,16016,1,1,1623132640,0.0,16674,1,1,1623132940,0.0,17332,1,1,1623133240,1.543941,0,0,0,1623133540,0.0,18648,1,1,1623133840,16,0,16,0,0,8.930458068847656,14991.0,5136.0,1699.0,547.0,429.0,364.0,323.0,302.0,213.0,306.0,297.0,275.0,530.0,123.0,21.0,0
24,658,1632805239,2021-09-28,08:00:39,0,0,68392,1.0622252033697462e+158,0.0,2.1219957915e-314,1.0,1.0,1.0,1.0,1.0,1.0,1.0,1.0,1.0,1.0,1.0,1.0,1.0,1.0,1.0,1.0,1.0,1.0,31.41,100.665,0.0,0.0,9436,1,1,1623129640,0.0,10094,1,1,1623129940,0.0,10752,1,1,1623130240,0.0,11410,1,1,1623130540,0.0,12068,1,1,1623130840,0.0,12726,1,1,1623131140,0.0,13384,1,1,1623131440,0.0,14042,1,1,1623131740,0.0,14700,1,1,1623132040,0.0,15358,1,1,1623132340,0.0,16016,1,1,1623132640,0.0,16674,1,1,1623132940,0.0,17332,1,1,1623133240,2.343634,0,0,0,1623133540,0.0,18648,1,1,1623133840,16,0,16,0,0,9.488967895507812,22063.0,6721.0,1843.0,572.0,425.0,315.0,304.0,272.0,251.0,273.0,303.0,292.0,590.0,128.0,35.0,0
25,658,1632806439,2021-09-28,08:20:39,0,0,68392,1.0622252033697462e+158,0.0,2.1219957915e-314,1.0,1.0,1.0,1.0,1.0,1.0,1.0,1.0,1.0,1.0,1.0,1.0,1.0,1.0,1.0,1.0,1.0,1.0,31.38,100.696,0.0,0.0,9436,1,1,1623129640,0.0,10094,1,1,1623129940,0.0,10752,1,1,1623130240,0.0,11410,1,1,1623130540,0.0,12068,1,1,1623130840,0.0,12726,1,1,1623131140,0.0,13384,1,1,1623131440,0.0,14042,1,1,1623131740,0.0,14700,1,1,1623132040,0.0,15358,1,1,1623132340,0.0,16016,1,1,1623132640,0.0,16674,1,1,1623132940,0.0,17332,1,1,1623133240,2.788947,0,0,0,1623133540,0.0,18648,1,1,1623133840,16,0,16,0,0,9.771373748779297,26374.0,8114.0,2315.0,662.0,473.0,370.0,416.0,327.0,252.0,318.0,342.0,282.0,551.0,150.0,34.0,0
26,658,1632807638,2021-09-28,08:40:38,0,0,68392,1.0622252033697462e+158,0.0,2.1219957915e-314,1.0,1.0,1.0,1.0,1.0,1.0,1.0,1.0,1.0,1.0,1.0,1.0,1.0,1.0,1.0,1.0,1.0,1.0,31.349,100.696,0.0,0.0,9436,1,1,1623129640,0.0,10094,1,1,1623129940,0.0,10752,1,1,1623130240,0.0,11410,1,1,1623130540,0.0,12068,1,1,1623130840,0.0,12726,1,1,1623131140,0.0,13384,1,1,1623131440,0.0,14042,1,1,1623131740,0.0,14700,1,1,1623132040,0.0,15358,1,1,1623132340,0.0,16016,1,1,1623132640,0.0,16674,1,1,1623132940,0.0,17332,1,1,1623133240,3.124985,0,0,0,1623133540,0.0,18648,1,1,1623133840,16,0,16,0,0,9.983783721923828,29370.0,9313.0,2627.0,773.0,581.0,414.0,490.0,405.0,333.0,416.0,393.0,368.0,670.0,168.0,29.0,0
27,658,1632808839,2021-09-28,09:00:39,0,0,68392,1.0622252033697462e+158,0.0,2.1219957915e-314,1.0,1.0,1.0,1.0,1.0,1.0,1.0,1.0,1.0,1.0,1.0,1.0,1.0,1.0,1.0,1.0,1.0,1.0,31.349,100.727,0.0,0.0,9436,1,1,1623129640,0.0,10094,1,1,1623129940,0.0,10752,1,1,1623130240,0.0,11410,1,1,1623130540,0.0,12068,1,1,1623130840,0.0,12726,1,1,1623131140,0.0,13384,1,1,1623131440,0.0,14042,1,1,1623131740,0.0,14700,1,1,1623132040,0.0,15358,1,1,1623132340,0.0,16016,1,1,1623132640,0.0,16674,1,1,1623132940,0.0,17332,1,1,1623133240,3.375656,0,0,0,1623133540,0.0,18648,1,1,1623133840,16,0,16,0,0,10.064830780029297,32802.0,10561.0,3076.0,936.0,706.0,478.0,561.0,523.0,387.0,470.0,444.0,378.0,781.0,192.0,53.0,0
28,658,1632810039,2021-09-28,09:20:39,0,0,68392,1.0622252033697462e+158,0.0,2.1219957915e-314,1.0,1.0,1.0,1.0,1.0,1.0,1.0,1.0,1.0,1.0,1.0,1.0,1.0,1.0,1.0,1.0,1.0,1.0,31.319,100.727,0.0,0.0,9436,1,1,1623129640,0.0,10094,1,1,1623129940,0.0,10752,1,1,1623130240,0.0,11410,1,1,1623130540,0.0,12068,1,1,1623130840,0.0,12726,1,1,1623131140,0.0,13384,1,1,1623131440,0.0,14042,1,1,1623131740,0.0,14700,1,1,1623132040,0.0,15358,1,1,1623132340,0.0,16016,1,1,1623132640,0.0,16674,1,1,1623132940,0.0,17332,1,1,1623133240,3.390862,0,0,0,1623133540,0.0,18648,1,1,1623133840,16,0,16,0,0,10.059343338012695,33813.0,11672.0,3640.0,1064.0,805.0,629.0,748.0,642.0,444.0,634.0,590.0,532.0,1070.0,265.0,44.0,0
29,658,1632811239,2021-09-28,09:40:39,0,0,68392,1.0622252033697462e+158,0.0,2.1219957915e-314,1.0,1.0,1.0,1.0,1.0,1.0,1.0,1.0,1.0,1.0,1.0,1.0,1.0,1.0,1.0,1.0,1.0,1.0,31.227,100.759,0.0,0.0,9436,1,1,1623129640,0.0,10094,1,1,1623129940,0.0,10752,1,1,1623130240,0.0,11410,1,1,1623130540,0.0,12068,1,1,1623130840,0.0,12726,1,1,1623131140,0.0,13384,1,1,1623131440,0.0,14042,1,1,1623131740,0.0,14700,1,1,1623132040,0.0,15358,1,1,1623132340,0.0,16016,1,1,1623132640,0.0,16674,1,1,1623132940,0.0,17332,1,1,1623133240,3.365964,0,0,0,1623133540,0.0,18648,1,1,1623133840,16,0,16,0,0,10.05868148803711,32644.0,11296.0,3625.0,1092.0,815.0,624.0,666.0,672.0,550.0,622.0,610.0,529.0,1091.0,316.0,58.0,0
30,658,1632812439,2021-09-28,10:00:39,0,0,68392,1.0622252033697462e+158,0.0,2.1219957915e-314,1.0,1.0,1.0,1.0,1.0,1.0,1.0,1.0,1.0,1.0,1.0,1.0,1.0,1.0,1.0,1.0,1.0,1.0,30.952,100.759,0.0,0.0,9436,1,1,1623129640,0.0,10094,1,1,1623129940,0.0,10752,1,1,1623130240,0.0,11410,1,1,1623130540,0.0,12068,1,1,1623130840,0.0,12726,1,1,1623131140,0.0,13384,1,1,1623131440,0.0,14042,1,1,1623131740,0.0,14700,1,1,1623132040,0.0,15358,1,1,1623132340,0.0,16016,1,1,1623132640,0.0,16674,1,1,1623132940,0.0,17332,1,1,1623133240,3.401981,0,0,0,1623133540,0.0,18648,1,1,1623133840,16,0,16,0,0,10.064220428466797,33150.0,12042.0,4001.0,1303.0,949.0,747.0,807.0,781.0,640.0,813.0,743.0,658.0,1329.0,412.0,69.0,0
31,658,1632813639,2021-09-28,10:20:39,0,0,68392,1.0622252033697462e+158,0.0,2.1219957915e-314,1.0,1.0,1.0,1.0,1.0,1.0,1.0,1.0,1.0,1.0,1.0,1.0,1.0,1.0,1.0,1.0,1.0,1.0,30.8,100.79,0.0,0.0,9436,1,1,1623129640,0.0,10094,1,1,1623129940,0.0,10752,1,1,1623130240,0.0,11410,1,1,1623130540,0.0,12068,1,1,1623130840,0.0,12726,1,1,1623131140,0.0,13384,1,1,1623131440,0.0,14042,1,1,1623131740,0.0,14700,1,1,1623132040,0.0,15358,1,1,1623132340,0.0,16016,1,1,1623132640,0.0,16674,1,1,1623132940,0.0,17332,1,1,1623133240,3.282554,0,0,0,1623133540,0.0,18648,1,1,1623133840,16,0,16,0,0,10.028682708740234,31931.0,11679.0,3876.0,1139.0,840.0,761.0,749.0,692.0,542.0,721.0,727.0,591.0,1188.0,390.0,92.0,0
32,658,1632814839,2021-09-28,10:40:39,0,0,68392,1.0622252033697462e+158,0.0,2.1219957915e-314,1.0,1.0,1.0,1.0,1.0,1.0,1.0,1.0,1.0,1.0,1.0,1.0,1.0,1.0,1.0,1.0,1.0,1.0,30.83,100.821,0.0,0.0,9436,1,1,1623129640,0.0,10094,1,1,1623129940,0.0,10752,1,1,1623130240,0.0,11410,1,1,1623130540,0.0,12068,1,1,1623130840,0.0,12726,1,1,1623131140,0.0,13384,1,1,1623131440,0.0,14042,1,1,1623131740,0.0,14700,1,1,1623132040,0.0,15358,1,1,1623132340,0.0,16016,1,1,1623132640,0.0,16674,1,1,1623132940,0.0,17332,1,1,1623133240,3.084726,0,0,0,1623133540,0.0,18648,1,1,1623133840,16,0,16,0,0,9.927146911621094,30436.0,11289.0,3687.0,1113.0,846.0,603.0,724.0,686.0,480.0,740.0,721.0,645.0,1223.0,357.0,88.0,0
33,658,1632816040,2021-09-28,11:00:40,0,0,68392,1.0622252033697462e+158,0.0,2.1219957915e-314,1.0,1.0,1.0,1.0,1.0,1.0,1.0,1.0,1.0,1.0,1.0,1.0,1.0,1.0,1.0,1.0,1.0,1.0,30.952,100.821,0.0,0.0,9436,1,1,1623129640,0.0,10094,1,1,1623129940,0.0,10752,1,1,1623130240,0.0,11410,1,1,1623130540,0.0,12068,1,1,1623130840,0.0,12726,1,1,1623131140,0.0,13384,1,1,1623131440,0.0,14042,1,1,1623131740,0.0,14700,1,1,1623132040,0.0,15358,1,1,1623132340,0.0,16016,1,1,1623132640,0.0,16674,1,1,1623132940,0.0,17332,1,1,1623133240,3.334538,0,0,0,1623133540,0.0,18648,1,1,1623133840,16,0,16,0,0,10.044893264770508,32161.0,12156.0,3994.0,1235.0,914.0,694.0,774.0,738.0,612.0,801.0,791.0,697.0,1340.0,425.0,79.0,0
34,658,1632817239,2021-09-28,11:20:39,0,0,68392,1.0622252033697462e+158,0.0,2.1219957915e-314,1.0,1.0,1.0,1.0,1.0,1.0,1.0,1.0,1.0,1.0,1.0,1.0,1.0,1.0,1.0,1.0,1.0,1.0,30.922,100.821,0.0,0.0,9436,1,1,1623129640,0.0,10094,1,1,1623129940,0.0,10752,1,1,1623130240,0.0,11410,1,1,1623130540,0.0,12068,1,1,1623130840,0.0,12726,1,1,1623131140,0.0,13384,1,1,1623131440,0.0,14042,1,1,1623131740,0.0,14700,1,1,1623132040,0.0,15358,1,1,1623132340,0.0,16016,1,1,1623132640,0.0,16674,1,1,1623132940,0.0,17332,1,1,1623133240,3.348988,0,0,0,1623133540,0.0,18648,1,1,1623133840,16,0,16,0,0,10.047750473022461,32750.0,12514.0,4193.0,1204.0,923.0,729.0,829.0,778.0,626.0,811.0,747.0,680.0,1423.0,386.0,89.0,0
35,658,1632818439,2021-09-28,11:40:39,0,0,68392,1.0622252033697462e+158,0.0,2.1219957915e-314,1.0,1.0,1.0,1.0,1.0,1.0,1.0,1.0,1.0,1.0,1.0,1.0,1.0,1.0,1.0,1.0,1.0,1.0,30.891,100.852,0.0,0.0,9436,1,1,1623129640,0.0,10094,1,1,1623129940,0.0,10752,1,1,1623130240,0.0,11410,1,1,1623130540,0.0,12068,1,1,1623130840,0.0,12726,1,1,1623131140,0.0,13384,1,1,1623131440,0.0,14042,1,1,1623131740,0.0,14700,1,1,1623132040,0.0,15358,1,1,1623132340,0.0,16016,1,1,1623132640,0.0,16674,1,1,1623132940,0.0,17332,1,1,1623133240,3.295609,0,0,0,1623133540,0.0,18648,1,1,1623133840,16,0,16,0,0,10.030057907104492,32113.0,11994.0,4163.0,1255.0,940.0,794.0,878.0,788.0,638.0,789.0,733.0,651.0,1342.0,442.0,83.0,0
36,658,1632819640,2021-09-28,12:00:40,0,0,68392,1.0622252033697462e+158,0.0,2.1219957915e-314,1.0,1.0,1.0,1.0,1.0,1.0,1.0,1.0,1.0,1.0,1.0,1.0,1.0,1.0,1.0,1.0,1.0,1.0,30.83,100.852,0.0,0.0,9436,1,1,1623129640,0.0,10094,1,1,1623129940,0.0,10752,1,1,1623130240,0.0,11410,1,1,1623130540,0.0,12068,1,1,1623130840,0.0,12726,1,1,1623131140,0.0,13384,1,1,1623131440,0.0,14042,1,1,1623131740,0.0,14700,1,1,1623132040,0.0,15358,1,1,1623132340,0.0,16016,1,1,1623132640,0.0,16674,1,1,1623132940,0.0,17332,1,1,1623133240,3.092237,0,0,0,1623133540,0.0,18648,1,1,1623133840,16,0,16,0,0,9.926097869873047,30440.0,11554.0,4056.0,1208.0,897.0,703.0,825.0,749.0,581.0,740.0,722.0,595.0,1346.0,385.0,95.0,0
37,658,1632820840,2021-09-28,12:20:40,0,0,68392,1.0622252033697462e+158,0.0,2.1219957915e-314,1.0,1.0,1.0,1.0,1.0,1.0,1.0,1.0,1.0,1.0,1.0,1.0,1.0,1.0,1.0,1.0,1.0,1.0,30.769,100.883,0.0,0.0,9436,1,1,1623129640,0.0,10094,1,1,1623129940,0.0,10752,1,1,1623130240,0.0,11410,1,1,1623130540,0.0,12068,1,1,1623130840,0.0,12726,1,1,1623131140,0.0,13384,1,1,1623131440,0.0,14042,1,1,1623131740,0.0,14700,1,1,1623132040,0.0,15358,1,1,1623132340,0.0,16016,1,1,1623132640,0.0,16674,1,1,1623132940,0.0,17332,1,1,1623133240,3.211677,0,0,0,1623133540,0.0,18648,1,1,1623133840,16,0,16,0,0,10.002050399780273,31953.0,11914.0,3839.0,1145.0,876.0,676.0,741.0,718.0,525.0,701.0,678.0,628.0,1225.0,373.0,73.0,0
38,658,1632822039,2021-09-28,12:40:39,0,0,68392,1.0622252033697462e+158,0.0,2.1219957915e-314,1.0,1.0,1.0,1.0,1.0,1.0,1.0,1.0,1.0,1.0,1.0,1.0,1.0,1.0,1.0,1.0,1.0,1.0,30.83,100.915,0.0,0.0,9436,1,1,1623129640,0.0,10094,1,1,1623129940,0.0,10752,1,1,1623130240,0.0,11410,1,1,1623130540,0.0,12068,1,1,1623130840,0.0,12726,1,1,1623131140,0.0,13384,1,1,1623131440,0.0,14042,1,1,1623131740,0.0,14700,1,1,1623132040,0.0,15358,1,1,1623132340,0.0,16016,1,1,1623132640,0.0,16674,1,1,1623132940,0.0,17332,1,1,1623133240,3.07124,0,0,0,1623133540,0.0,18648,1,1,1623133840,16,0,16,0,0,9.925968170166016,29811.0,11139.0,3641.0,1039.0,811.0,633.0,746.0,618.0,513.0,649.0,630.0,577.0,1153.0,323.0,72.0,0
39,658,1632823239,2021-09-28,13:00:39,0,0,68392,1.0622252033697462e+158,0.0,2.1219957915e-314,1.0,1.0,1.0,1.0,1.0,1.0,1.0,1.0,1.0,1.0,1.0,1.0,1.0,1.0,1.0,1.0,1.0,1.0,30.739,100.915,0.0,0.0,9436,1,1,1623129640,0.0,10094,1,1,1623129940,0.0,10752,1,1,1623130240,0.0,11410,1,1,1623130540,0.0,12068,1,1,1623130840,0.0,12726,1,1,1623131140,0.0,13384,1,1,1623131440,0.0,14042,1,1,1623131740,0.0,14700,1,1,1623132040,0.0,15358,1,1,1623132340,0.0,16016,1,1,1623132640,0.0,16674,1,1,1623132940,0.0,17332,1,1,1623133240,2.555693,0,0,0,1623133540,0.0,18648,1,1,1623133840,16,0,16,0,0,9.602821350097656,24496.0,9367.0,3128.0,903.0,711.0,542.0,613.0,610.0,447.0,606.0,558.0,508.0,1027.0,355.0,71.0,0
40,658,1632824440,2021-09-28,13:20:40,0,0,68392,1.0622252033697462e+158,0.0,2.1219957915e-314,1.0,1.0,1.0,1.0,1.0,1.0,1.0,1.0,1.0,1.0,1.0,1.0,1.0,1.0,1.0,1.0,1.0,1.0,30.769,100.883,0.0,0.0,9436,1,1,1623129640,0.0,10094,1,1,1623129940,0.0,10752,1,1,1623130240,0.0,11410,1,1,1623130540,0.0,12068,1,1,1623130840,0.0,12726,1,1,1623131140,0.0,13384,1,1,1623131440,0.0,14042,1,1,1623131740,0.0,14700,1,1,1623132040,0.0,15358,1,1,1623132340,0.0,16016,1,1,1623132640,0.0,16674,1,1,1623132940,0.0,17332,1,1,1623133240,2.580294,0,0,0,1623133540,0.0,18648,1,1,1623133840,16,0,16,0,0,9.613899230957031,25005.0,9631.0,3264.0,1025.0,772.0,528.0,656.0,644.0,467.0,628.0,564.0,551.0,1066.0,322.0,57.0,0
41,658,1632825639,2021-09-28,13:40:39,0,0,68392,1.0622252033697462e+158,0.0,2.1219957915e-314,1.0,1.0,1.0,1.0,1.0,1.0,1.0,1.0,1.0,1.0,1.0,1.0,1.0,1.0,1.0,1.0,1.0,1.0,30.586,100.883,0.0,0.0,9436,1,1,1623129640,0.0,10094,1,1,1623129940,0.0,10752,1,1,1623130240,0.0,11410,1,1,1623130540,0.0,12068,1,1,1623130840,0.0,12726,1,1,1623131140,0.0,13384,1,1,1623131440,0.0,14042,1,1,1623131740,0.0,14700,1,1,1623132040,0.0,15358,1,1,1623132340,0.0,16016,1,1,1623132640,0.0,16674,1,1,1623132940,0.0,17332,1,1,1623133240,2.517875,0,0,0,1623133540,0.0,18648,1,1,1623133840,16,0,16,0,0,9.57708740234375,24361.0,9560.0,3186.0,924.0,749.0,521.0,624.0,587.0,453.0,582.0,537.0,448.0,953.0,329.0,55.0,0
42,658,1632826840,2021-09-28,14:00:40,0,0,68392,1.0622252033697462e+158,0.0,2.1219957915e-314,1.0,1.0,1.0,1.0,1.0,1.0,1.0,1.0,1.0,1.0,1.0,1.0,1.0,1.0,1.0,1.0,1.0,1.0,30.525,100.883,0.0,0.0,9436,1,1,1623129640,0.0,10094,1,1,1623129940,0.0,10752,1,1,1623130240,0.0,11410,1,1,1623130540,0.0,12068,1,1,1623130840,0.0,12726,1,1,1623131140,0.0,13384,1,1,1623131440,0.0,14042,1,1,1623131740,0.0,14700,1,1,1623132040,0.0,15358,1,1,1623132340,0.0,16016,1,1,1623132640,0.0,16674,1,1,1623132940,0.0,17332,1,1,1623133240,2.411836,0,0,0,1623133540,0.0,18648,1,1,1623133840,16,0,16,0,0,9.508827209472656,23464.0,8975.0,3090.0,944.0,766.0,532.0,651.0,632.0,463.0,590.0,541.0,508.0,976.0,276.0,68.0,0
43,658,1632828040,2021-09-28,14:20:40,0,0,68392,1.0622252033697462e+158,0.0,2.1219957915e-314,1.0,1.0,1.0,1.0,1.0,1.0,1.0,1.0,1.0,1.0,1.0,1.0,1.0,1.0,1.0,1.0,1.0,1.0,30.433,100.915,0.0,0.0,9436,1,1,1623129640,0.0,10094,1,1,1623129940,0.0,10752,1,1,1623130240,0.0,11410,1,1,1623130540,0.0,12068,1,1,1623130840,0.0,12726,1,1,1623131140,0.0,13384,1,1,1623131440,0.0,14042,1,1,1623131740,0.0,14700,1,1,1623132040,0.0,15358,1,1,1623132340,0.0,16016,1,1,1623132640,0.0,16674,1,1,1623132940,0.0,17332,1,1,1623133240,2.480147,0,0,0,1623133540,0.0,18648,1,1,1623133840,16,0,16,0,0,9.546066284179688,24445.0,9649.0,3257.0,972.0,702.0,563.0,673.0,627.0,498.0,624.0,567.0,539.0,976.0,319.0,81.0,0
44,658,1632829240,2021-09-28,14:40:40,0,0,68392,1.0622252033697462e+158,0.0,2.1219957915e-314,1.0,1.0,1.0,1.0,1.0,1.0,1.0,1.0,1.0,1.0,1.0,1.0,1.0,1.0,1.0,1.0,1.0,1.0,30.281,100.883,0.0,0.0,9436,1,1,1623129640,0.0,10094,1,1,1623129940,0.0,10752,1,1,1623130240,0.0,11410,1,1,1623130540,0.0,12068,1,1,1623130840,0.0,12726,1,1,1623131140,0.0,13384,1,1,1623131440,0.0,14042,1,1,1623131740,0.0,14700,1,1,1623132040,0.0,15358,1,1,1623132340,0.0,16016,1,1,1623132640,0.0,16674,1,1,1623132940,0.0,17332,1,1,1623133240,3.210006,0,0,0,1623133540,0.0,18648,1,1,1623133840,16,0,16,0,0,9.990715026855469,32809.0,12625.0,4217.0,1210.0,880.0,767.0,784.0,744.0,536.0,776.0,698.0,644.0,1277.0,362.0,76.0,0
45,658,1632830440,2021-09-28,15:00:40,0,0,68392,1.0622252033697462e+158,0.0,2.1219957915e-314,1.0,1.0,1.0,1.0,1.0,1.0,1.0,1.0,1.0,1.0,1.0,1.0,1.0,1.0,1.0,1.0,1.0,1.0,30.311,100.915,0.0,0.0,9436,1,1,1623129640,0.0,10094,1,1,1623129940,0.0,10752,1,1,1623130240,0.0,11410,1,1,1623130540,0.0,12068,1,1,1623130840,0.0,12726,1,1,1623131140,0.0,13384,1,1,1623131440,0.0,14042,1,1,1623131740,0.0,14700,1,1,1623132040,0.0,15358,1,1,1623132340,0.0,16016,1,1,1623132640,0.0,16674,1,1,1623132940,0.0,17332,1,1,1623133240,2.855829,0,0,0,1623133540,0.0,18648,1,1,1623133840,16,0,16,0,0,9.77280044555664,28653.0,11171.0,3820.0,1281.0,877.0,658.0,768.0,745.0,619.0,721.0,680.0,547.0,1233.0,393.0,79.0,0
46,658,1632831640,2021-09-28,15:20:40,0,0,68392,1.0622252033697462e+158,0.0,2.1219957915e-314,1.0,1.0,1.0,1.0,1.0,1.0,1.0,1.0,1.0,1.0,1.0,1.0,1.0,1.0,1.0,1.0,1.0,1.0,30.128,100.915,0.0,0.0,9436,1,1,1623129640,0.0,10094,1,1,1623129940,0.0,10752,1,1,1623130240,0.0,11410,1,1,1623130540,0.0,12068,1,1,1623130840,0.0,12726,1,1,1623131140,0.0,13384,1,1,1623131440,0.0,14042,1,1,1623131740,0.0,14700,1,1,1623132040,0.0,15358,1,1,1623132340,0.0,16016,1,1,1623132640,0.0,16674,1,1,1623132940,0.0,17332,1,1,1623133240,2.986392,0,0,0,1623133540,0.0,18648,1,1,1623133840,16,0,16,0,0,9.852622985839844,30824.0,11761.0,3878.0,1225.0,880.0,713.0,784.0,711.0,552.0,747.0,688.0,599.0,1237.0,364.0,93.0,0
47,658,1632832840,2021-09-28,15:40:40,0,0,68392,1.0622252033697462e+158,0.0,2.1219957915e-314,1.0,1.0,1.0,1.0,1.0,1.0,1.0,1.0,1.0,1.0,1.0,1.0,1.0,1.0,1.0,1.0,1.0,1.0,30.25,100.946,0.0,0.0,9436,1,1,1623129640,0.0,10094,1,1,1623129940,0.0,10752,1,1,1623130240,0.0,11410,1,1,1623130540,0.0,12068,1,1,1623130840,0.0,12726,1,1,1623131140,0.0,13384,1,1,1623131440,0.0,14042,1,1,1623131740,0.0,14700,1,1,1623132040,0.0,15358,1,1,1623132340,0.0,16016,1,1,1623132640,0.0,16674,1,1,1623132940,0.0,17332,1,1,1623133240,3.207046,0,0,0,1623133540,0.0,18648,1,1,1623133840,16,0,16,0,0,9.969860076904297,33520.0,13335.0,4412.0,1411.0,1017.0,740.0,936.0,792.0,617.0,852.0,766.0,643.0,1303.0,418.0,76.0,0
48,658,1632834040,2021-09-28,16:00:40,0,0,68392,1.0622252033697462e+158,0.0,2.1219957915e-314,1.0,1.0,1.0,1.0,1.0,1.0,1.0,1.0,1.0,1.0,1.0,1.0,1.0,1.0,1.0,1.0,1.0,1.0,30.433,100.946,0.0,0.0,9436,1,1,1623129640,0.0,10094,1,1,1623129940,0.0,10752,1,1,1623130240,0.0,11410,1,1,1623130540,0.0,12068,1,1,1623130840,0.0,12726,1,1,1623131140,0.0,13384,1,1,1623131440,0.0,14042,1,1,1623131740,0.0,14700,1,1,1623132040,0.0,15358,1,1,1623132340,0.0,16016,1,1,1623132640,0.0,16674,1,1,1623132940,0.0,17332,1,1,1623133240,3.268378,0,0,0,1623133540,0.0,18648,1,1,1623133840,16,0,16,0,0,10.000722885131836,34952.0,13634.0,4544.0,1424.0,1061.0,778.0,918.0,870.0,669.0,842.0,785.0,648.0,1347.0,460.0,98.0,0
49,658,1632835240,2021-09-28,16:20:40,0,0,68392,1.0622252033697462e+158,0.0,2.1219957915e-314,1.0,1.0,1.0,1.0,1.0,1.0,1.0,1.0,1.0,1.0,1.0,1.0,1.0,1.0,1.0,1.0,1.0,1.0,30.311,100.915,0.0,0.0,9436,1,1,1623129640,0.0,10094,1,1,1623129940,0.0,10752,1,1,1623130240,0.0,11410,1,1,1623130540,0.0,12068,1,1,1623130840,0.0,12726,1,1,1623131140,0.0,13384,1,1,1623131440,0.0,14042,1,1,1623131740,0.0,14700,1,1,1623132040,0.0,15358,1,1,1623132340,0.0,16016,1,1,1623132640,0.0,16674,1,1,1623132940,0.0,17332,1,1,1623133240,2.837312,0,0,0,1623133540,0.0,18648,1,1,1623133840,16,0,16,0,0,9.75156021118164,29326.0,11337.0,3663.0,1119.0,847.0,642.0,775.0,681.0,569.0,751.0,654.0,599.0,1179.0,387.0,85.0,0
50,658,1632836441,2021-09-28,16:40:41,0,0,68392,1.0622252033697462e+158,0.0,2.1219957915e-314,1.0,1.0,1.0,1.0,1.0,1.0,1.0,1.0,1.0,1.0,1.0,1.0,1.0,1.0,1.0,1.0,1.0,1.0,30.464,100.946,0.0,0.0,9436,1,1,1623129640,0.0,10094,1,1,1623129940,0.0,10752,1,1,1623130240,0.0,11410,1,1,1623130540,0.0,12068,1,1,1623130840,0.0,12726,1,1,1623131140,0.0,13384,1,1,1623131440,0.0,14042,1,1,1623131740,0.0,14700,1,1,1623132040,0.0,15358,1,1,1623132340,0.0,16016,1,1,1623132640,0.0,16674,1,1,1623132940,0.0,17332,1,1,1623133240,2.726503,0,0,0,1623133540,0.0,18648,1,1,1623133840,16,0,16,0,0,9.669681549072266,29291.0,11314.0,3805.0,1086.0,845.0,657.0,833.0,722.0,606.0,749.0,681.0,578.0,1262.0,360.0,86.0,0
51,658,1632837641,2021-09-28,17:00:41,0,0,68392,1.0622252033697462e+158,0.0,2.1219957915e-314,1.0,1.0,1.0,1.0,1.0,1.0,1.0,1.0,1.0,1.0,1.0,1.0,1.0,1.0,1.0,1.0,1.0,1.0,30.464,100.977,0.0,0.0,9436,1,1,1623129640,0.0,10094,1,1,1623129940,0.0,10752,1,1,1623130240,0.0,11410,1,1,1623130540,0.0,12068,1,1,1623130840,0.0,12726,1,1,1623131140,0.0,13384,1,1,1623131440,0.0,14042,1,1,1623131740,0.0,14700,1,1,1623132040,0.0,15358,1,1,1623132340,0.0,16016,1,1,1623132640,0.0,16674,1,1,1623132940,0.0,17332,1,1,1623133240,2.646,0,0,0,1623133540,0.0,18648,1,1,1623133840,16,0,16,0,0,9.616645812988281,28714.0,11262.0,3596.0,1094.0,871.0,605.0,734.0,748.0,512.0,684.0,638.0,517.0,1208.0,390.0,70.0,0
52,658,1632838841,2021-09-28,17:20:41,0,0,68392,1.0622252033697462e+158,0.0,2.1219957915e-314,1.0,1.0,1.0,1.0,1.0,1.0,1.0,1.0,1.0,1.0,1.0,1.0,1.0,1.0,1.0,1.0,1.0,1.0,30.952,101.008,0.0,0.0,9436,1,1,1623129640,0.0,10094,1,1,1623129940,0.0,10752,1,1,1623130240,0.0,11410,1,1,1623130540,0.0,12068,1,1,1623130840,0.0,12726,1,1,1623131140,0.0,13384,1,1,1623131440,0.0,14042,1,1,1623131740,0.0,14700,1,1,1623132040,0.0,15358,1,1,1623132340,0.0,16016,1,1,1623132640,0.0,16674,1,1,1623132940,0.0,17332,1,1,1623133240,2.371287,0,0,0,1623133540,0.0,18648,1,1,1623133840,16,0,16,0,0,9.453659057617188,25269.0,9825.0,3199.0,985.0,760.0,597.0,628.0,605.0,490.0,676.0,573.0,504.0,1028.0,364.0,69.0,0
53,658,1632840040,2021-09-28,17:40:40,0,0,68392,1.0622252033697462e+158,0.0,2.1219957915e-314,1.0,1.0,1.0,1.0,1.0,1.0,1.0,1.0,1.0,1.0,1.0,1.0,1.0,1.0,1.0,1.0,1.0,1.0,31.532,101.039,0.0,0.0,9436,1,1,1623129640,0.0,10094,1,1,1623129940,0.0,10752,1,1,1623130240,0.0,11410,1,1,1623130540,0.0,12068,1,1,1623130840,0.0,12726,1,1,1623131140,0.0,13384,1,1,1623131440,0.0,14042,1,1,1623131740,0.0,14700,1,1,1623132040,0.0,15358,1,1,1623132340,0.0,16016,1,1,1623132640,0.0,16674,1,1,1623132940,0.0,17332,1,1,1623133240,2.610861,0,0,0,1623133540,0.0,18648,1,1,1623133840,16,0,16,0,0,9.577804565429688,29427.0,11695.0,3903.0,1240.0,914.0,657.0,788.0,747.0,592.0,760.0,690.0,580.0,1208.0,404.0,78.0,0
54,658,1632841241,2021-09-28,18:00:41,0,0,68392,1.0622252033697462e+158,0.0,2.1219957915e-314,1.0,1.0,1.0,1.0,1.0,1.0,1.0,1.0,1.0,1.0,1.0,1.0,1.0,1.0,1.0,1.0,1.0,1.0,31.685,101.039,0.0,0.0,9436,1,1,1623129640,0.0,10094,1,1,1623129940,0.0,10752,1,1,1623130240,0.0,11410,1,1,1623130540,0.0,12068,1,1,1623130840,0.0,12726,1,1,1623131140,0.0,13384,1,1,1623131440,0.0,14042,1,1,1623131740,0.0,14700,1,1,1623132040,0.0,15358,1,1,1623132340,0.0,16016,1,1,1623132640,0.0,16674,1,1,1623132940,0.0,17332,1,1,1623133240,3.009637,0,0,0,1623133540,0.0,18648,1,1,1623133840,16,0,16,0,0,9.78768539428711,35976.0,15021.0,5185.0,1586.0,1250.0,881.0,1018.0,999.0,698.0,853.0,854.0,716.0,1401.0,421.0,105.0,0
55,658,1632842441,2021-09-28,18:20:41,0,0,68392,1.0622252033697462e+158,0.0,2.1219957915e-314,1.0,1.0,1.0,1.0,1.0,1.0,1.0,1.0,1.0,1.0,1.0,1.0,1.0,1.0,1.0,1.0,1.0,1.0,31.746,101.039,0.0,0.0,9436,1,1,1623129640,0.0,10094,1,1,1623129940,0.0,10752,1,1,1623130240,0.0,11410,1,1,1623130540,0.0,12068,1,1,1623130840,0.0,12726,1,1,1623131140,0.0,13384,1,1,1623131440,0.0,14042,1,1,1623131740,0.0,14700,1,1,1623132040,0.0,15358,1,1,1623132340,0.0,16016,1,1,1623132640,0.0,16674,1,1,1623132940,0.0,17332,1,1,1623133240,2.813634,0,0,0,1623133540,0.0,18648,1,1,1623133840,16,0,16,0,0,9.662967681884766,34220.0,14254.0,4957.0,1560.0,1202.0,918.0,1050.0,939.0,715.0,858.0,810.0,703.0,1290.0,414.0,79.0,0
56,658,1632843641,2021-09-28,18:40:41,0,0,68392,1.0622252033697462e+158,0.0,2.1219957915e-314,1.0,1.0,1.0,1.0,1.0,1.0,1.0,1.0,1.0,1.0,1.0,1.0,1.0,1.0,1.0,1.0,1.0,1.0,31.685,101.071,0.0,0.0,9436,1,1,1623129640,0.0,10094,1,1,1623129940,0.0,10752,1,1,1623130240,0.0,11410,1,1,1623130540,0.0,12068,1,1,1623130840,0.0,12726,1,1,1623131140,0.0,13384,1,1,1623131440,0.0,14042,1,1,1623131740,0.0,14700,1,1,1623132040,0.0,15358,1,1,1623132340,0.0,16016,1,1,1623132640,0.0,16674,1,1,1623132940,0.0,17332,1,1,1623133240,2.820214,0,0,0,1623133540,0.0,18648,1,1,1623133840,16,0,16,0,0,9.659141540527344,34619.0,14434.0,5284.0,1594.0,1195.0,899.0,1084.0,981.0,766.0,955.0,869.0,768.0,1452.0,427.0,111.0,0
57,658,1632844842,2021-09-28,19:00:42,0,0,68392,1.0622252033697462e+158,0.0,2.1219957915e-314,1.0,1.0,1.0,1.0,1.0,1.0,1.0,1.0,1.0,1.0,1.0,1.0,1.0,1.0,1.0,1.0,1.0,1.0,31.716,101.071,0.0,0.0,9436,1,1,1623129640,0.0,10094,1,1,1623129940,0.0,10752,1,1,1623130240,0.0,11410,1,1,1623130540,0.0,12068,1,1,1623130840,0.0,12726,1,1,1623131140,0.0,13384,1,1,1623131440,0.0,14042,1,1,1623131740,0.0,14700,1,1,1623132040,0.0,15358,1,1,1623132340,0.0,16016,1,1,1623132640,0.0,16674,1,1,1623132940,0.0,17332,1,1,1623133240,3.057151,0,0,0,1623133540,0.0,18648,1,1,1623133840,16,0,16,0,0,9.778926849365234,38620.0,17578.0,6188.0,1771.0,1480.0,944.0,1165.0,1102.0,777.0,1014.0,926.0,754.0,1515.0,500.0,104.0,0
58,658,1632846041,2021-09-28,19:20:41,0,0,68392,1.0622252033697462e+158,0.0,2.1219957915e-314,1.0,1.0,1.0,1.0,1.0,1.0,1.0,1.0,1.0,1.0,1.0,1.0,1.0,1.0,1.0,1.0,1.0,1.0,31.777,101.071,0.0,0.0,9436,1,1,1623129640,0.0,10094,1,1,1623129940,0.0,10752,1,1,1623130240,0.0,11410,1,1,1623130540,0.0,12068,1,1,1623130840,0.0,12726,1,1,1623131140,0.0,13384,1,1,1623131440,0.0,14042,1,1,1623131740,0.0,14700,1,1,1623132040,0.0,15358,1,1,1623132340,0.0,16016,1,1,1623132640,0.0,16674,1,1,1623132940,0.0,17332,1,1,1623133240,3.288154,0,0,0,1623133540,0.0,18648,1,1,1623133840,16,0,16,0,0,9.876762390136719,43115.0,20669.0,7311.0,2219.0,1700.0,1189.0,1272.0,1151.0,871.0,1103.0,1020.0,873.0,1683.0,514.0,134.0,0
59,658,1632847241,2021-09-28,19:40:41,0,0,68392,1.0622252033697462e+158,0.0,2.1219957915e-314,1.0,1.0,1.0,1.0,1.0,1.0,1.0,1.0,1.0,1.0,1.0,1.0,1.0,1.0,1.0,1.0,1.0,1.0,31.716,101.102,0.0,0.0,9436,1,1,1623129640,0.0,10094,1,1,1623129940,0.0,10752,1,1,1623130240,0.0,11410,1,1,1623130540,0.0,12068,1,1,1623130840,0.0,12726,1,1,1623131140,0.0,13384,1,1,1623131440,0.0,14042,1,1,1623131740,0.0,14700,1,1,1623132040,0.0,15358,1,1,1623132340,0.0,16016,1,1,1623132640,0.0,16674,1,1,1623132940,0.0,17332,1,1,1623133240,3.312692,0,0,0,1623133540,0.0,18648,1,1,1623133840,16,0,16,0,0,9.905986785888672,42845.0,19991.0,6882.0,2073.0,1593.0,1074.0,1236.0,1151.0,832.0,1127.0,1010.0,807.0,1582.0,454.0,93.0,0
60,658,1632848442,2021-09-28,20:00:42,0,0,68392,1.0622252033697462e+158,0.0,2.1219957915e-314,1.0,1.0,1.0,1.0,1.0,1.0,1.0,1.0,1.0,1.0,1.0,1.0,1.0,1.0,1.0,1.0,1.0,1.0,31.685,101.102,0.0,0.0,9436,1,1,1623129640,0.0,10094,1,1,1623129940,0.0,10752,1,1,1623130240,0.0,11410,1,1,1623130540,0.0,12068,1,1,1623130840,0.0,12726,1,1,1623131140,0.0,13384,1,1,1623131440,0.0,14042,1,1,1623131740,0.0,14700,1,1,1623132040,0.0,15358,1,1,1623132340,0.0,16016,1,1,1623132640,0.0,16674,1,1,1623132940,0.0,17332,1,1,1623133240,3.434346,0,0,0,1623133540,0.0,18648,1,1,1623133840,16,0,16,0,0,9.981761932373047,44699.0,19939.0,6984.0,2129.0,1536.0,1074.0,1176.0,1081.0,886.0,1095.0,963.0,842.0,1586.0,492.0,89.0,0
61,658,1632849641,2021-09-28,20:20:41,0,0,68392,1.0622252033697462e+158,0.0,2.1219957915e-314,1.0,1.0,1.0,1.0,1.0,1.0,1.0,1.0,1.0,1.0,1.0,1.0,1.0,1.0,1.0,1.0,1.0,1.0,31.746,101.102,0.0,0.0,9436,1,1,1623129640,0.0,10094,1,1,1623129940,0.0,10752,1,1,1623130240,0.0,11410,1,1,1623130540,0.0,12068,1,1,1623130840,0.0,12726,1,1,1623131140,0.0,13384,1,1,1623131440,0.0,14042,1,1,1623131740,0.0,14700,1,1,1623132040,0.0,15358,1,1,1623132340,0.0,16016,1,1,1623132640,0.0,16674,1,1,1623132940,0.0,17332,1,1,1623133240,3.648401,0,0,0,1623133540,0.0,18648,1,1,1623133840,16,0,16,0,0,10.04665756225586,49641.0,21796.0,7144.0,2272.0,1711.0,1174.0,1297.0,1198.0,857.0,1106.0,997.0,887.0,1619.0,495.0,96.0,0
62,658,1632850841,2021-09-28,20:40:41,0,0,68392,1.0622252033697462e+158,0.0,2.1219957915e-314,1.0,1.0,1.0,1.0,1.0,1.0,1.0,1.0,1.0,1.0,1.0,1.0,1.0,1.0,1.0,1.0,1.0,1.0,31.777,101.133,0.0,0.0,9436,1,1,1623129640,0.0,10094,1,1,1623129940,0.0,10752,1,1,1623130240,0.0,11410,1,1,1623130540,0.0,12068,1,1,1623130840,0.0,12726,1,1,1623131140,0.0,13384,1,1,1623131440,0.0,14042,1,1,1623131740,0.0,14700,1,1,1623132040,0.0,15358,1,1,1623132340,0.0,16016,1,1,1623132640,0.0,16674,1,1,1623132940,0.0,17332,1,1,1623133240,3.889704,0,0,0,1623133540,0.0,18648,1,1,1623133840,16,0,16,0,0,10.103055953979492,54238.0,24831.0,8025.0,2392.0,1886.0,1256.0,1377.0,1235.0,905.0,1130.0,1152.0,895.0,1592.0,514.0,111.0,0
63,658,1632852041,2021-09-28,21:00:41,0,0,68392,1.0622252033697462e+158,0.0,2.1219957915e-314,1.0,1.0,1.0,1.0,1.0,1.0,1.0,1.0,1.0,1.0,1.0,1.0,1.0,1.0,1.0,1.0,1.0,1.0,31.746,101.133,0.0,0.0,9436,1,1,1623129640,0.0,10094,1,1,1623129940,0.0,10752,1,1,1623130240,0.0,11410,1,1,1623130540,0.0,12068,1,1,1623130840,0.0,12726,1,1,1623131140,0.0,13384,1,1,1623131440,0.0,14042,1,1,1623131740,0.0,14700,1,1,1623132040,0.0,15358,1,1,1623132340,0.0,16016,1,1,1623132640,0.0,16674,1,1,1623132940,0.0,17332,1,1,1623133240,3.939023,0,0,0,1623133540,0.0,18648,1,1,1623133840,16,0,16,0,0,10.108165740966797,56397.0,25597.0,8425.0,2462.0,1811.0,1267.0,1333.0,1158.0,914.0,1155.0,1012.0,841.0,1616.0,460.0,97.0,0
64,658,1632853242,2021-09-28,21:20:42,0,0,68392,1.0622252033697462e+158,0.0,2.1219957915e-314,1.0,1.0,1.0,1.0,1.0,1.0,1.0,1.0,1.0,1.0,1.0,1.0,1.0,1.0,1.0,1.0,1.0,1.0,31.777,101.133,0.0,0.0,9436,1,1,1623129640,0.0,10094,1,1,1623129940,0.0,10752,1,1,1623130240,0.0,11410,1,1,1623130540,0.0,12068,1,1,1623130840,0.0,12726,1,1,1623131140,0.0,13384,1,1,1623131440,0.0,14042,1,1,1623131740,0.0,14700,1,1,1623132040,0.0,15358,1,1,1623132340,0.0,16016,1,1,1623132640,0.0,16674,1,1,1623132940,0.0,17332,1,1,1623133240,4.239479,0,0,0,1623133540,0.0,18648,1,1,1623133840,16,0,16,0,0,10.189008712768555,61258.0,27683.0,8919.0,2665.0,2051.0,1369.0,1439.0,1229.0,969.0,1186.0,1051.0,861.0,1605.0,461.0,84.0,0
65,658,1632854442,2021-09-28,21:40:42,0,0,68392,1.0622252033697462e+158,0.0,2.1219957915e-314,1.0,1.0,1.0,1.0,1.0,1.0,1.0,1.0,1.0,1.0,1.0,1.0,1.0,1.0,1.0,1.0,1.0,1.0,31.777,101.133,0.0,0.0,9436,1,1,1623129640,0.0,10094,1,1,1623129940,0.0,10752,1,1,1623130240,0.0,11410,1,1,1623130540,0.0,12068,1,1,1623130840,0.0,12726,1,1,1623131140,0.0,13384,1,1,1623131440,0.0,14042,1,1,1623131740,0.0,14700,1,1,1623132040,0.0,15358,1,1,1623132340,0.0,16016,1,1,1623132640,0.0,16674,1,1,1623132940,0.0,17332,1,1,1623133240,4.532353,0,0,0,1623133540,0.0,18648,1,1,1623133840,16,0,16,0,0,10.276079177856445,64869.0,29147.0,9553.0,2737.0,2165.0,1393.0,1511.0,1328.0,993.0,1250.0,1066.0,917.0,1700.0,465.0,88.0,0
66,658,1632855641,2021-09-28,22:00:41,0,0,68392,1.0622252033697462e+158,0.0,2.1219957915e-314,1.0,1.0,1.0,1.0,1.0,1.0,1.0,1.0,1.0,1.0,1.0,1.0,1.0,1.0,1.0,1.0,1.0,1.0,31.777,101.195,0.0,0.0,9436,1,1,1623129640,0.0,10094,1,1,1623129940,0.0,10752,1,1,1623130240,0.0,11410,1,1,1623130540,0.0,12068,1,1,1623130840,0.0,12726,1,1,1623131140,0.0,13384,1,1,1623131440,0.0,14042,1,1,1623131740,0.0,14700,1,1,1623132040,0.0,15358,1,1,1623132340,0.0,16016,1,1,1623132640,0.0,16674,1,1,1623132940,0.0,17332,1,1,1623133240,4.382199,0,0,0,1623133540,0.0,18648,1,1,1623133840,16,0,16,0,0,10.238584518432617,61961.0,27385.0,8606.0,2621.0,2008.0,1308.0,1427.0,1291.0,960.0,1170.0,999.0,836.0,1626.0,451.0,81.0,0
67,658,1632856842,2021-09-28,22:20:42,0,0,68392,1.0622252033697462e+158,0.0,2.1219957915e-314,1.0,1.0,1.0,1.0,1.0,1.0,1.0,1.0,1.0,1.0,1.0,1.0,1.0,1.0,1.0,1.0,1.0,1.0,31.777,101.164,0.0,0.0,9436,1,1,1623129640,0.0,10094,1,1,1623129940,0.0,10752,1,1,1623130240,0.0,11410,1,1,1623130540,0.0,12068,1,1,1623130840,0.0,12726,1,1,1623131140,0.0,13384,1,1,1623131440,0.0,14042,1,1,1623131740,0.0,14700,1,1,1623132040,0.0,15358,1,1,1623132340,0.0,16016,1,1,1623132640,0.0,16674,1,1,1623132940,0.0,17332,1,1,1623133240,4.321593,0,0,0,1623133540,0.0,18648,1,1,1623133840,16,0,16,0,0,10.234664916992188,59944.0,25609.0,8016.0,2256.0,1806.0,1276.0,1362.0,1276.0,937.0,1175.0,1090.0,846.0,1619.0,477.0,96.0,0
68,658,1632858042,2021-09-28,22:40:42,0,0,68392,1.0622252033697462e+158,0.0,2.1219957915e-314,1.0,1.0,1.0,1.0,1.0,1.0,1.0,1.0,1.0,1.0,1.0,1.0,1.0,1.0,1.0,1.0,1.0,1.0,31.746,101.195,0.0,0.0,9436,1,1,1623129640,0.0,10094,1,1,1623129940,0.0,10752,1,1,1623130240,0.0,11410,1,1,1623130540,0.0,12068,1,1,1623130840,0.0,12726,1,1,1623131140,0.0,13384,1,1,1623131440,0.0,14042,1,1,1623131740,0.0,14700,1,1,1623132040,0.0,15358,1,1,1623132340,0.0,16016,1,1,1623132640,0.0,16674,1,1,1623132940,0.0,17332,1,1,1623133240,4.503031,0,0,0,1623133540,0.0,18648,1,1,1623133840,16,0,16,0,0,10.291038513183594,62476.0,26141.0,8067.0,2362.0,1787.0,1230.0,1415.0,1193.0,942.0,1179.0,1034.0,865.0,1531.0,405.0,72.0,0
69,658,1632859242,2021-09-28,23:00:42,0,0,68392,1.0622252033697462e+158,0.0,2.1219957915e-314,1.0,1.0,1.0,1.0,1.0,1.0,1.0,1.0,1.0,1.0,1.0,1.0,1.0,1.0,1.0,1.0,1.0,1.0,31.777,101.164,0.0,0.0,9436,1,1,1623129640,0.0,10094,1,1,1623129940,0.0,10752,1,1,1623130240,0.0,11410,1,1,1623130540,0.0,12068,1,1,1623130840,0.0,12726,1,1,1623131140,0.0,13384,1,1,1623131440,0.0,14042,1,1,1623131740,0.0,14700,1,1,1623132040,0.0,15358,1,1,1623132340,0.0,16016,1,1,1623132640,0.0,16674,1,1,1623132940,0.0,17332,1,1,1623133240,4.630284,0,0,0,1623133540,0.0,18648,1,1,1623133840,16,0,16,0,0,10.330223083496094,64406.0,26552.0,7987.0,2360.0,1761.0,1205.0,1397.0,1276.0,896.0,1071.0,1064.0,851.0,1594.0,380.0,95.0,0
70,658,1632860442,2021-09-28,23:20:42,0,0,68392,1.0622252033697462e+158,0.0,2.1219957915e-314,1.0,1.0,1.0,1.0,1.0,1.0,1.0,1.0,1.0,1.0,1.0,1.0,1.0,1.0,1.0,1.0,1.0,1.0,31.746,101.195,0.0,0.0,9436,1,1,1623129640,0.0,10094,1,1,1623129940,0.0,10752,1,1,1623130240,0.0,11410,1,1,1623130540,0.0,12068,1,1,1623130840,0.0,12726,1,1,1623131140,0.0,13384,1,1,1623131440,0.0,14042,1,1,1623131740,0.0,14700,1,1,1623132040,0.0,15358,1,1,1623132340,0.0,16016,1,1,1623132640,0.0,16674,1,1,1623132940,0.0,17332,1,1,1623133240,4.740434,0,0,0,1623133540,0.0,18648,1,1,1623133840,16,0,16,0,0,10.365667343139648,66095.0,26641.0,8078.0,2238.0,1780.0,1217.0,1334.0,1220.0,905.0,1114.0,961.0,793.0,1506.0,400.0,63.0,0
71,658,1632861642,2021-09-28,23:40:42,0,0,68392,1.0622252033697462e+158,0.0,2.1219957915e-314,1.0,1.0,1.0,1.0,1.0,1.0,1.0,1.0,1.0,1.0,1.0,1.0,1.0,1.0,1.0,1.0,1.0,1.0,31.685,101.227,0.0,0.0,9436,1,1,1623129640,0.0,10094,1,1,1623129940,0.0,10752,1,1,1623130240,0.0,11410,1,1,1623130540,0.0,12068,1,1,1623130840,0.0,12726,1,1,1623131140,0.0,13384,1,1,1623131440,0.0,14042,1,1,1623131740,0.0,14700,1,1,1623132040,0.0,15358,1,1,1623132340,0.0,16016,1,1,1623132640,0.0,16674,1,1,1623132940,0.0,17332,1,1,1623133240,4.806492,0,0,0,1623133540,0.0,18648,1,1,1623133840,16,0,16,0,0,10.386802673339844,67366.0,26864.0,7724.0,2167.0,1702.0,1199.0,1307.0,1185.0,860.0,1141.0,1015.0,819.0,1593.0,391.0,74.0,0
